wt_MOvsMM,cta1_MOvsMM,wt_POvsPM,cta1_POvsPM
2.722323049,3.13304721,10.02227171,3.493013972
2.96803653,2.602739726,9.168443497,4.358353511
2.280254777,1.27016129,11.1844078,4.230769231
3.249097473,1.406844106,18.81355932,1.917355372
2.670623145,4.299065421,14.30894309,2.162162162
4.06626506,1.405975395,17.51824818,1.929499072
