Cg_MOvsMM,Sc_MOvsMM,Cg_POvsPM,Sc_POvsPM
1.660698027,2.350488599,5.049350649,1.540106952
0.749075975,2.079461279,2.24610052,2.117647059
1.996840442,1.6,6.561616162,0.72195122
1.366726297,0.558545455,2.152700186,0.767286245
1.181308411,0.884210526,3.923809524,1.08125
1.194117647,0.277203647,6.570491803,0.494736842
0.576687117,0.544281525,3.013487476,0.757033248
1.685847589,0.521119593,4.337190083,1.171692308
