H2O2,Phosphate_Starvation,Control
24.76104,3.052518,0.7843575
23.58831,19.02731,0.9656574
21.25897,3.710636,0.8054777
11.06808,2.422786,1.639114
8.368679,3.446185,1.132884
14.42001,3.328795,0.882703
17.3276,1.239708,0.8394405
13.73705,1.098093,1.19127
