wt_MOvsMM,rim15_MOvsMM,wt_POvsPM,rim15_POvsPM
3.044871795,3.986135182,13.13993174,10.4283054
3.918495298,5.23138833,13.03656598,6.35451505
2.13592233,4,13.96648045,10.0456621
3.368794326,2.216748768,19.03881701,3.722084367
4.945904173,5.856832972,21.76360225,8.286252354
4.663212435,5.194805195,18.77192982,14.24903723
4.236200257,5.073431242,22.6074896,15.65377532
