MOvsMM,POvsPM,genotype
3.044871795,13.13993174,wt
3.918495298,13.03656598,wt
2.13592233,13.96648045,wt
3.368794326,19.03881701,wt
4.945904173,21.76360225,wt
4.663212435,18.77192982,wt
4.236200257,22.6074896,wt
3.986135182,10.4283054,rim15_ko
5.23138833,6.35451505,rim15_ko
4,10.0456621,rim15_ko
2.216748768,3.722084367,rim15_ko
5.856832972,8.286252354,rim15_ko
5.194805195,14.24903723,rim15_ko
5.073431242,15.65377532,rim15_ko
